[
  {
    "name": "Paulo Lopes",
    "gravatar": "paulo@mlopes.net",
    "github": "pmlopes",
    "tz": "Europe/Amsterdam"
  },
  {
    "name": "Clement Escoffier",
    "github": "cescoffier",
    "tz": "Europe/Paris"
  },
  {
    "name": "Julien Viet",
    "github": "vietj",
    "tz": "Europe/Paris"
  },
  {
    "name": "Eric Zhao",
    "github": "sczyh30",
    "tz": "Asia/Shanghai"
  },
  {
    "name":"Jayamine Alupotha",
    "github": "jaymine",
    "tz": "Asia/Colombo"
  },
  {
    "name":"Ricardo Hernandez-Montoya",
    "github": "ricardohmon",
    "tz": "Europe/Berlin"
  }
]
